{"cameraMode":{"drawMode":0,"name":"Shaded","section":"Shading Mode"},"sceneLighting":false,"audioPlay":false,"sceneViewState":{"showFog":true,"showMaterialUpdate":false,"showSkybox":false,"showFlares":true,"showImageEffects":true,"showParticleSystems":true},"in2DMode":false,"pivot":{"x":0.0,"y":0.023000001907348634,"z":0.4869999885559082},"rotation":{"x":-0.003287683008238673,"y":0.10987508296966553,"z":-0.0003824411251116544,"w":-0.9939613342285156},"size":1.4142136573791505,"orthographic":false}